plant_number,full_name,genus,species,location,elevation,location_type,thickness,fresh_mass,dry_mass,fracture,specific_force,sla,ldmc,area_actual,area_filled,growth_form,height,stem_density
1,Henriettea_tuberculosa,Henriettea,tuberculosa,La Selva sendero experimental,30,forest,0.2671666667,0.558,0.1285,2.21666666665,2.64099905532401,209.275,23.158544415,26.96,27.981,woody,3.8,0.419125683
2,Leandra_grandifolia,Leandra,grandifolia,La Selva sendero experimental,30,forest,0.24666666665,2.979,0.5005,1.5183333333,1.95932639409906,289.175,16.82043156,144.6835,146.709,woody,1.6,0.288585209
3,Leandra_grandifolia,Leandra,grandifolia,La Selva sendero experimental,30,forest,0.3078333333,2.282,0.457,1.76666666665,1.8267919836934,274.19,19.99349633,125.099,125.131,woody,2.5,0.36196319
4,Miconia_nervosa,Miconia,nervosa,La Selva sendero experimental,30,forest,0.27616666665,2.0405,0.5585,1.195,1.37735780571848,246.13,27.3561054,137.538,138.4125,woody,3.7,0.418640577
5,Miconia_affinis,Miconia,affinis,La Selva sendero experimental,30,forest,0.14483333335,1.4205,0.4405,2.19833333335,4.83142393361667,211.665,31.00125544,93.1765,94.1,woody,4.5,0.539229025
6,Clidemia_epiphytica,Clidemia,epiphytica,La Selva sendero experimental,30,forest,0.226,1.4345,0.2515,0.805,1.13380291317678,390.63,17.654434705,99.1065,99.1815,epiphyte,5.6,0.324444444
7,Henriettea_tuberculosa,Henriettea,tuberculosa,La Selva sendero experimental,30,forest,0.2885,0.6145,0.1375,1.8083333333,1.99518328424637,210.445,22.21345113,28.7075,28.8545,woody,2.6,0.385791367
8,Adelobotrys_adscendens,Adelobotrys,adscendens,La Selva sendero experimental,30,forest,0.23516666665,2.602,0.3325,2.875,3.8914567945142,337.79,12.795419585,112.3915,112.3915,epiphyte,1.7,0.152631579
9,Clidemia_epiphytica,Clidemia,epiphytica,La Selva sendero experimental,30,forest,0.20716666665,2.156,0.363,1.045,1.60563393928635,389.625,16.897664835,142.441,152.9305,epiphyte,1.7,0.245098039
10,Miconia_ligulata,Miconia,ligulata,La Selva sendero experimental,30,forest,0.2495,3.2105,0.961,1.7483333333,2.23050815364349,152.095,29.830471745,145.7035,146.0025,woody,3.5,0.42833698
11,Miconia_affinis,Miconia,affinis,La Selva sendero experimental,30,forest,0.1975,1.671,0.534,1.62666666665,2.62169155200166,174.94,31.518738525,91.5015,97.412,woody,3.5,0.370262391
12,Clidemia_densiflora,Clidemia,densiflora,La Selva sendero experimental,30,forest,0.242,0.973,0.2665,1.0816666667,1.42274873374412,227.62,27.68944684,60.6235,62.618,woody,0.8,0.448113208
13,Miconia_ligulata,Miconia,ligulata,La Selva sendero experimental,30,forest,0.2435,2.404,0.6535,2.705,3.5360502756762,162.755,27.09726345,105.14,106.6775,woody,2.9,0.387681159
14,Miconia_multispicata,Miconia,multispicata,La Selva sendero experimental,30,forest,0.25,1.728,0.455,1.305,1.66157760587939,184.565,26.519852975,84.0435,84.3335,woody,2.9,0.41523922
15,Leandra_granatensis,Leandra,granatensis,La Selva sendero experimental,30,forest,0.2943333333,3.5495,0.577,1.09166666665,1.18059442508953,352.43,16.273603175,203.363,204.8615,woody,1.2,0.175815105
16,Miconia_multispicata,Miconia,multispicata,La Selva sendero experimental,30,forest,0.2255,2.3565,0.7425,0.90666666665,1.27982688899334,179.585,31.628472505,133.457,133.641,woody,7.1,0.310921502
17,Miconia_multispicata,Miconia,multispicata,La Selva sendero experimental,30,forest,0.22383333335,6.0045,1.9555,1.83666666665,2.61189497055276,145.3,32.564972245,284.128,290.5525,woody,5.1,0.227467811
18,Clidemia_densiflora,Clidemia,densiflora,La Selva sendero experimental,30,forest,0.28416666665,0.8485,0.2565,1.53666666665,1.7213003816744,206.095,30.06869613,52.6355,53.656,woody,1.9,0.455882353
19,Miconia_stevensiana,Miconia,stevensiana,La Selva sendero experimental,30,forest,0.25016666665,0.948,0.4265,1.72,2.1885130084181,166.685,45.360242815,69.392,70.5425,woody,14.5,0.535714286
20,Henriettea_tuberculosa,Henriettea,tuberculosa,La Selva sendero experimental,30,forest,0.31766666665,1.059,0.2245,2.4133333333,2.41821991191996,234.05,21.222552905,52.488,52.635,woody,3,0.416523236
21,Miconia_affinis,Miconia,affinis,La Selva sendero experimental,30,forest,0.2338333333,0.752,0.2325,1.67,2.27331793301229,202.405,30.97301662,46.6605,47.2045,woody,5.5,0.437724244
22,Clidemia_epiphytica,Clidemia,epiphytica,La Selva sendero experimental,30,forest,0.1865,1.8475,0.334,0.925,1.57874876525473,376.38,18.078132535,125.4745,127.964,epiphyte,6,0.28042328
23,Leandra_granatensis,Leandra,granatensis,La Selva sendero experimental,30,forest,0.3046666667,2.626,0.48,1.78166666665,1.86145113944234,363.36,18.328160585,173.949,177.583,woody,1.8,0.174507659
24,Miconia_ligulata,Miconia,ligulata,La Selva sendero experimental,30,forest,0.2631666667,2.01,0.55,2.02833333335,2.4533447209613,163.805,27.767020795,88.747,88.8895,woody,2.6,0.295983087
25,Miconia_simplex,Miconia,simplex,La Selva sendero experimental,30,forest,0.195,1.704,0.5535,1.33833333335,2.18463964622878,194.585,32.163942195,105.008,105.068,woody,4,0.408388521
26,Adelobotrys_adscendens,Adelobotrys,adscendens,La Selva sendero experimental,30,forest,0.223,3.3145,0.463,2.54333333335,3.63035042092412,312.13,13.918943695,144.6825,145.702,epiphyte,5,0.164179104
27,Adelobotrys_adscendens,Adelobotrys,adscendens,La Selva sendero experimental,30,forest,0.22633333335,1.134,0.1665,2.665,3.74799343129898,339.49,14.22000759,51.5955,54.6885,epiphyte,2.5,0.213235294
28,Miconia_gracilis,Miconia,gracilis,La Selva sendero experimental,30,forest,0.21833333335,3.0985,0.6295,2.255,3.28758225934193,267.685,20.28850502,166.9565,172.3785,woody,2,0.406449446
29,Triolena_hirsuta,Triolena,hirsuta,La Selva sendero experimental,30,forest,0.30566666665,2.644,0.3965,2.27166666665,2.36562908881668,302.515,14.96525587,119.768,122.0175,herb,0.15,0.297597043
31,Triolena_hirsuta,Triolena,hirsuta,La Selva sendero experimental,30,forest,0.30166666665,1.469,0.2185,1.5933333333,1.68123895691796,391.9,14.841484345,85.4625,85.4835,herb,0.4,0.350453172
32,Clidemia_reitziana,Clidemia,reitziana,La Selva sendero experimental,30,forest,0.2208333333,2.191,0.658,2.205,3.17829418479035,259,30.04223155,170.4415,171.491,herb,0.4,0.331096197
33,Clidemia_reitziana,Clidemia,reitziana,La Selva sendero experimental,30,forest,0.25766666665,0.8,0.2485,1.52333333335,1.8818579301034,283.815,31.046285045,70.789,71.529,herb,0.5,0.438888889
34,Leandra_grandifolia,Leandra,grandifolia,La Selva sendero experimental,30,forest,0.3065,1.315,0.3225,1.43,1.48509995837788,251.835,24.553747385,81.2405,81.241,woody,1,0.467906977
35,Conostegia_micrantha,Conostegia,micrantha,La Selva sendero experimental,30,forest,0.3185,2.676,0.515,1.4983333333,1.4974389726471,329.44,19.17024063,168.631,168.643,woody,4.5,0.355130058
36,Miconia_gracilis,Miconia,gracilis,La Selva sendero experimental,30,forest,0.1796666667,0.8595,0.1825,1.6916666667,2.99707360318156,314.11,21.1402238,56.213,56.442,woody,2.4,0.395614035
37,Miconia_bubalina,Miconia,bubalina,La Selva sendero jaguar,30,forest,0.2426666667,2.0575,0.745,1.88333333335,2.47039952844408,178.09,36.331421005,131.049,132.071,woody,4,0.366580311
38,Miconia_gracilis,Miconia,gracilis,La Selva sendero jaguar,30,forest,0.174,1.672,0.3805,2.2033333333,4.03070564682572,262.315,22.753514005,99.5925,99.682,woody,5,0.423741007
39,Miconia_punctata,Miconia,punctata,La Selva sendero jaguar,30,forest,0.2281666667,2.799,0.948,2.72166666665,3.79693238903585,140.285,33.856233455,132.4945,132.942,woody,4,0.448659794
40,Conostegia_lasiopoda,Conostegia,lasiopoda,La Selva sendero jaguar,30,forest,0.34866666665,4.14,1.1145,3.6783333333,3.35807800590268,163.41,26.931689365,182.227,183.3085,woody,3.5,0.368944099
41,Conostegia_lasiopoda,Conostegia,lasiopoda,La Selva sendero jaguar,30,forest,0.28083333335,4.701,1.1355,3.23166666665,3.66292504018135,180.91,24.10582166,203.9655,204.196,woody,2,0.335519126
42,Conostegia_setosa,Conostegia,setosa,La Selva sendero jaguar,30,forest,0.2423333333,6.3175,1.382,2.315,3.04080077008323,188.2,21.711646235,256.4655,256.8455,woody,1.4,NA
43,Miconia_lacera,Miconia,lacera,La Selva sendero jaguar,30,forest,0.17316666665,0.591,0.154,2.22166666665,4.083802486243,308.565,26.072587185,45.8005,46.0765,herb,0.4,0.273516643
44,Clidemia_crenulata,Clidemia,crenulata,La Selva sendero jaguar,30,forest,0.171,0.888,0.306,0.8633333333,1.60706160854617,290.32,34.45945946,88.837,90.399,herb,0.3,0.412903226
45,Conostegia_bracteata,Conostegia,bracteata,La Selva sendero jaguar,30,forest,0.2258333333,0.906,0.2785,1.11,1.56453420095716,275.94,30.865706135,76.947,77.034,woody,2,0.357142857
46,Miconia_stevensiana,Miconia,stevensiana,La Selva sendero jaguar,30,forest,0.1938333333,0.4015,0.191,1.52833333335,2.50980366022283,184.15,47.465976615,35.2195,35.22,woody,14.5,0.554192229
47,Miconia_elata,Miconia,elata,La Selva sendero jaguar,30,forest,0.367,12.716,4.6025,3.795,3.29151503560623,112.605,36.204926615,518.257,521.88,woody,7,0.308874913
48,Conostegia_montana,Conostegia,montana,La Selva sendero jaguar,30,forest,0.25016666665,0.995,0.2645,3.215,4.0907379779443,209.925,26.41630758,54.8745,54.885,woody,4,0.337563452
49,Miconia_centrodesma,Miconia,centrodesma,La Selva sendero jaguar,30,forest,0.16883333335,2.704,0.6335,1.42666666665,2.68976567170034,269.455,23.769960105,171.881,174.162,woody,2,0.365543071
50,Conostegia_bracteata,Conostegia,bracteata,La Selva sendero jaguar,30,forest,0.21966666665,0.789,0.2305,1.33,1.92724802119831,289.76,29.325713585,66.557,66.927,woody,0.5,0.377729258
51,Miconia_dorsiloba,Miconia,dorsiloba,La Selva sendero jaguar,30,forest,0.20016666665,1.7245,0.456,1.15333333335,1.83405862831563,289.445,26.454221525,131.6065,131.6495,woody,4,0.363804247
52,Clidemia_crenulata,Clidemia,crenulata,La Selva sendero jaguar,30,forest,0.1588333333,1.068,0.2525,0.64833333335,1.29929219050014,463.71,23.649521185,116.1195,116.238,herb,0.5,0.306188925
53,Blakea_scarlatina,Blakea,scarlatina,La Selva sendero jaguar,30,forest,0.338,2.2225,0.6145,2.69333333335,2.5364338070818,99.375,27.66434852,60.962,61.069,epiphyte,5,0.496559026
54,Mouriri_gleasoniana,Mouriri,gleasoniana,La Selva sendero jaguar,30,forest,0.24116666665,1.7705,0.6105,4.545,5.9988324788057,121.485,34.470948825,74.249,74.2515,woody,3,0.553763441
55,Ossaea_macrophylla,Ossaea,macrophylla,La Selva sendero jaguar,30,forest,0.2491666667,9.7075,2.647,2.6016666667,3.32362362724275,145.625,27.287476305,385.5455,387.488,woody,3,0.274766355
56,Mouriri_gleasoniana,Mouriri,gleasoniana,La Selva sendero jaguar,30,forest,0.25033333335,1.886,0.62,4.77166666665,6.0673848474057,112.715,32.87286325,69.8835,69.902,woody,4,0.484455959
57,Clidemia_crenulata,Clidemia,crenulata,La Selva sendero jaguar,30,forest,0.1781666667,1.6465,0.483,0.7766666667,1.38758098166755,371.845,29.44574456,180.17,180.228,herb,1,0.356736243
58,Conostegia_bracteata,Conostegia,bracteata,La Selva sendero jaguar,30,forest,0.2281666667,1.3985,0.3205,1.40333333335,1.9577569330225,258.1,22.879294105,83.6445,83.6555,woody,2,0.368370299
59,Miconia_dorsiloba,Miconia,dorsiloba,La Selva sendero jaguar,30,forest,0.19066666665,2.856,0.7105,1.5133333333,2.52644560029528,294.55,24.05729538,193.8095,194.7605,woody,2.5,0.376409774
60,Clidemia_ombrophila,Clidemia,ombrophila,La Selva sendero jaguar,30,forest,0.1965,0.886,0.254,1.33833333335,2.16796300770795,221.07,28.6463379,56.112,56.1355,woody,3.5,0.469135802
61,Conostegia_setifera,Conostegia,setifera,La Selva sendero jaguar,30,forest,0.16966666665,6.685,1.594,2.165,4.06173420622163,187.64,23.9162137,291.13,292.8595,woody,5,0.346532487
62,Conostegia_setifera,Conostegia,setifera,La Selva sendero jaguar,30,forest,0.2038333333,3.7,0.8525,1.75166666665,2.73543491766713,207.895,23.332062305,178.2795,179.0005,woody,6,0.195459033
63,Miconia_simplex,Miconia,simplex,La Selva sendero jaguar,30,forest,0.19516666665,6.241,1.816,2.1733333333,3.54462930497646,170.855,29.029107195,307.326,307.6445,woody,1.5,0.491563555
64,Miconia_appendiculata,Miconia,appendiculata,La Selva sendero jaguar,30,forest,0.2076666667,12.84,3.553,2.0933333333,3.20864540109392,146.78,27.67133956,521.503,521.576,woody,4,0.331818182
65,Miconia_appendiculata,Miconia,appendiculata,La Selva sendero jaguar,30,forest,0.20916666665,2.4905,0.6935,1.6566666667,2.52111575217741,190.84,28.24228808,132.0715,132.16,woody,3.5,0.349176172
66,Conostegia_setosa,Conostegia,setosa,La Selva sendero jaguar,30,forest,0.2005,5.8225,1.126,2.76833333335,4.3949519613837,213.37,19.325127205,240.5435,241.361,woody,1.5,0.282768778
67,Clidemia_ombrophila,Clidemia,ombrophila,La Selva sendero jaguar,30,forest,0.2063333333,0.7485,0.184,1.88833333335,2.91312682639483,218.885,24.70973837,40.3165,40.328,woody,3,0.416293644
68,Conostegia_setosa,Conostegia,setosa,La Selva sendero jaguar,30,forest,0.2115,4.5055,0.9355,2.8816666667,4.3369408449026,206.39,20.6172758,185.9355,187.3625,woody,1.8,0.289769946
69,Miconia_gracilis,Miconia,gracilis,La Selva sendero jaguar,30,forest,0.171,1.3495,0.3235,2.26166666665,4.21000502483646,260.13,23.975559465,84.211,84.219,woody,5,0.459543568
70,Miconia_appendiculata,Miconia,appendiculata,La Selva sendero jaguar,30,forest,0.1971666667,7.9555,2.4995,2.165,3.49522013594962,143.76,31.500573445,360.233,360.305,woody,6,0.298839907
71,Miconia_stevensiana,Miconia,stevensiana,La Selva sendero jaguar,30,forest,0.2515,0.939,0.4,1.885,2.38574208929004,191.2,43.17408348,73.524,73.622,woody,15,0.524806202
72,Miconia_simplex,Miconia,simplex,La Selva sendero jaguar,30,forest,0.1555,3.7365,1.2835,2.55666666665,5.23351945769295,175.93,34.35555271,225.837,227.808,woody,2,0.520958084
73,Miconia_bubalina,Miconia,bubalina,La Selva sendero jaguar,30,forest,0.22033333335,0.99,0.4475,2.35333333335,3.3997999944077,184.185,45.2281998,82.546,83.8825,woody,6,0.543828265
74,Miconia_simplex,Miconia,simplex,La Selva sendero jaguar,30,forest,0.1915,2.9895,1.0415,2.44666666665,4.06683126992708,154.155,35.02896128,160.94,164.469,woody,3,0.50169262
75,Miconia_punctata,Miconia,punctata,La Selva sendero jaguar,30,forest,0.3465,3.339,1.4305,3.94666666665,3.62557869398765,93.28,43.158220855,134.123,136.6965,woody,9,0.576492537
76,Miconia_ampla,Miconia,ampla,La Selva sendero jaguar,30,forest,0.19,14.189,4.974,4.33166666665,7.25690696656569,122.345,35.055355915,608.518,609.3655,woody,15,0.41495935
77,Conostegia_montana,Conostegia,montana,La Selva sendero jaguar,30,forest,0.2256666667,0.9765,0.2565,4.52333333335,6.38030303529088,212.35,26.258324835,54.3985,54.454,woody,4,0.326505017
78,Conostegia_micrantha,Conostegia,micrantha,La Selva sendero jaguar,30,forest,0.30216666665,2.0445,0.4965,3.7333333333,3.93278623874602,241.8,24.710013435,121.305,121.9285,woody,4,0.320819113
79,Miconia_impetiolaris,Miconia,impetiolaris,La selva senderos sompopa and cantaran,30,forest,0.184,8.4475,2.1035,1.21666666665,2.10476645752703,243.965,25.34676798,489.1035,491.4345,woody,6,0.294362292
80,Miconia_impetiolaris,Miconia,impetiolaris,La selva senderos sompopa and cantaran,30,forest,0.18216666665,5.088,1.298,1.25,2.18419409569703,237.395,25.22726273,303.0235,305.0135,woody,5,0.398485566
81,Miconia_impetiolaris,Miconia,impetiolaris,La selva senderos sompopa and cantaran,30,forest,0.18466666665,2.6045,0.697,1.30666666665,2.25230099988657,244.94,26.961665855,171.149,172.116,woody,3,0.350889938
82,Clidemia_dentata,Clidemia,dentata,La selva senderos sompopa and cantaran,30,forest,0.24416666665,0.715,0.2445,1.075,1.40143260479563,210.945,34.304364915,51.232,51.25,herb,1,0.244715447
83,Clidemia_dentata,Clidemia,dentata,La selva senderos sompopa and cantaran,30,forest,0.18966666665,0.8295,0.277,0.92166666665,1.54679584421723,283.575,33.407738095,78.5535,78.802,herb,2,0.289473684
84,Conostegia_subcrustulata,Conostegia,subcrustulata,La selva senderos sompopa and cantaran,30,forest,0.2358333333,1.5265,0.28,1.185,1.59942282055593,313.885,18.326536805,87.873,87.8955,woody,3,0.246376812
85,Miconia_elata,Miconia,elata,La selva senderos sompopa and cantaran,30,forest,0.26016666665,7.9785,2.397,2.60666666665,3.18921628456219,141.4,30.21359846,337.196,337.913,woody,5,0.377904762
86,Conostegia_lasiopoda,Conostegia,lasiopoda,La selva senderos sompopa and cantaran,30,forest,0.358,2.6165,0.6565,2.83,2.51624854162047,191.52,24.38633021,118.8725,119.51,woody,4,0.31183432
87,Clidemia_dentata,Clidemia,dentata,La selva senderos sompopa and cantaran,30,forest,0.17133333335,0.696,0.2205,0.94333333335,1.75256221367396,275.435,31.530159735,59.4435,59.572,herb,1.9,0.279441118
88,Conostegia_subcrustulata,Conostegia,subcrustulata,La selva senderos sompopa and cantaran,30,forest,0.15983333335,1.188,0.1875,1.07166666665,2.13423625434465,506.91,15.62783959,93.4535,93.6345,woody,2,0.255544841
89,Miconia_lacera,Miconia,lacera,La selva senderos sompopa and cantaran,30,forest,0.155,0.7375,0.19,1.805,3.70676996491447,266.52,25.73671511,50.475,50.609,herb,1.5,0.252120278
90,Conostegia_subcrustulata,Conostegia,subcrustulata,La selva senderos sompopa and cantaran,30,forest,0.1355,1.3335,0.267,1.06,2.49009947863334,380.815,19.990008565,100.356,100.467,woody,3.5,0.274789916
91,Ossaea_micrantha,Ossaea,micrantha,La selva senderos sompopa and cantaran,30,forest,0.12783333335,0.919,0.234,0.98833333335,2.4609877768652,336.81,25.45199309,78.7725,78.7885,woody,4,0.415441176
92,Blakea_maurofernandeziana,Blakea,maurofernandeziana,La selva senderos sompopa and cantaran,30,forest,0.2648333333,7.604,2.693,5.8716666667,7.05730477767783,81.81,35.279934225,218.738,218.798,epiphyte,4,0.345043531
93,Clidemia_japurensis,Clidemia,japurensis,La selva senderos sompopa and cantaran,30,forest,0.13166666665,0.733,0.2455,0.92166666665,2.22816920352829,315.395,33.718333785,77.4625,77.471,woody,2,0.430293896
94,Clidemia_japurensis,Clidemia,japurensis,La selva senderos sompopa and cantaran,30,forest,0.128,0.7475,0.2565,0.98,2.43706006609465,304.53,34.032184015,77.7035,77.7395,woody,2.5,0.462389381
95,Aciotis_indecora,Aciotis,indecora,La selva senderos sompopa and cantaran,30,forest,0.18633333335,0.42,0.0775,1.17,1.99868998283573,342.45,18.58304866,26.6585,26.6585,herb,1,0.296457427
96,Clidemia_japurensis,Clidemia,japurensis,La selva senderos sompopa and cantaran,30,forest,0.11533333335,0.7225,0.2285,0.9116666667,2.51612005381125,318.44,31.8775307,72.9685,72.9765,woody,2.5,0.385885886
97,Aciotis_indecora,Aciotis,indecora,La selva senderos sompopa and cantaran,30,forest,0.184,0.5095,0.06,1.21666666665,2.10476645752703,564.58,11.75964587,33.76,33.8315,herb,2,0.270637409
98,Blakea_maurofernandeziana,Blakea,maurofernandeziana,La selva senderos sompopa and cantaran,30,forest,0.291,12.0545,3.976,6.08666666665,6.65789063195888,72.43,32.978831355,287.688,287.9185,epiphyte,1,0.308938746
99,Ossaea_macrophylla,Ossaea,macrophylla,Selva Tica Sendero Tigre,500,forest,0.362,12.4955,3.823,3.53333333335,3.10689207510506,105.56,30.894798255,397.8005,399.958,woody,4,0.249489588
100,Ossaea_macrophylla,Ossaea,macrophylla,Selva Tica Sendero Tigre,500,forest,0.2925,9.9255,3.0245,3.57333333335,3.88864043294148,107.805,30.479415255,323.9525,333.544,woody,4,0.238367658
101,Miconia_punctata,Miconia,punctata,Selva Tica Sendero Tigre,500,forest,0.3196666667,6.0465,2.383,4.13333333335,4.11578997735489,90.93,39.98019498,214.9175,219.3425,woody,10,0.401913876
102,Conostegia_micrantha,Conostegia,micrantha,Selva Tica Sendero Tigre,500,forest,0.33,2.123,0.461,2.0233333333,1.95165758495331,236.765,21.73214786,109.306,110.225,woody,3,0.291053922
103,Ossaea_robusta,Ossaea,robusta,Selva Tica Sendero Tigre,500,forest,0.3111666667,5.9475,1.4975,1.73333333335,1.77312416496445,199,25.191417005,297.969,303.485,woody,1.5,0.262460568
104,Conostegia_micrantha,Conostegia,micrantha,Selva Tica Sendero Tigre,500,forest,0.36433333335,1.795,0.427,2.64333333335,2.30942122354795,206.645,23.764556985,88.023,90.2005,woody,4,0.300847458
105,Conostegia_micrantha,Conostegia,micrantha,Selva Tica Sendero Tigre,500,forest,0.272,1.1045,0.2655,2.4466666667,2.86322863311379,242.235,24.04646043,64.34,65.044,woody,4,0.30620985
106,Ossaea_robusta,Ossaea,robusta,Selva Tica Sendero Tigre,500,forest,0.22366666665,4.8775,1.2345,1.87333333335,2.66602319001806,195.61,25.343271885,240.4555,241.3955,woody,3,0.345076784
107,Ossaea_macrophylla,Ossaea,macrophylla,Selva Tica Sendero Tigre,500,forest,0.38216666665,8.9815,2.5875,3.28333333335,2.73471642308154,130.805,28.809377995,338.451,339.5345,woody,3,0.255147356
108,Henriettea_tuberculosa,Henriettea,tuberculosa,Selva Tica Sendero Tigre,500,forest,0.27183333335,0.4755,0.092,2.25333333335,2.63859574553821,272.855,19.27761162,24.906,25.159,woody,2,0.333333333
109,Miconia_oraria,Miconia,oraria,Selva Tica Sendero Tigre,500,forest,0.2183333333,5.2735,1.629,3.535,5.15370434121293,135.54,30.90193333,220.413,226.3695,woody,4.5,0.283698065
110,Miconia_loreyoides,Miconia,loreyoides,Selva Tica Sendero Tigre,500,forest,0.2203333333,1.333,0.3555,1.51,2.18145807054572,187.61,26.641051985,66.2865,66.3435,epiphyte,3,0.333333333
111,Ossaea_robusta,Ossaea,robusta,Selva Tica Sendero Tigre,500,forest,0.248,3.2335,0.676,1.4666666667,1.88247782155983,235.98,21.07239922,161.998,163.126,woody,2,0.251020408
112,Miconia_punctata,Miconia,punctata,Selva Tica Sendero Tigre,500,forest,0.33033333335,8.3625,3.0225,3.45,3.32442716633301,99.035,36.04104745,296.6105,297.3905,woody,4.5,0.345794393
113,Miconia_loreyoides,Miconia,loreyoides,Selva Tica Sendero Tigre,500,forest,0.1981666667,0.6365,0.171,1.64,2.63428871280205,209.11,26.87704201,35.77,35.7705,epiphyte,3,0.482142857
114,Conostegia_setosa,Conostegia,setosa,Selva Tica Sendero Tigre,500,forest,0.241,3.6065,0.858,2.69166666665,3.55512078965172,178.775,23.79118125,153.5015,154.805,woody,2,0.34627126
115,Conostegia_lasiopoda,Conostegia,lasiopoda,Selva Tica Sendero Tigre,500,forest,0.2838333333,1.8945,0.4375,2.52,2.82609834390143,204.345,22.96682205,89.5275,89.89,woody,4,0.355456286
116,Henriettea_tuberculosa,Henriettea,tuberculosa,Selva Tica Sendero Tigre,500,forest,0.30283333335,0.6545,0.147,2.44333333335,2.5682019434394,222.06,22.269731735,31.752,32.2035,woody,3,0.444900753
117,Henriettea_tuberculosa,Henriettea,tuberculosa,Selva Tica Sendero Tigre,500,forest,0.286,0.548,0.1325,2.9933333333,3.33149507913591,201.545,24.18443497,26.714,27.066,woody,4,0.375426621
118,Blakea_scarlatina,Blakea,scarlatina,Selva Tica Sendero Tigre,500,forest,0.28333333335,2.4515,0.761,4.27666666665,4.80460686997869,125.495,31.171859535,93.448,95.1345,epiphyte,2,0.378964942
119,Miconia_loreyoides,Miconia,loreyoides,Selva Tica Sendero Tigre,500,forest,0.20833333335,0.5325,0.135,1.585,2.42170161389254,225.82,24.93516961,29.2875,29.345,epiphyte,3,0.345565749
120,Ossaea_laxivenula,Ossaea,laxivenula,Selva Tica Sendero Tigre,500,forest,0.16516666665,2.2535,0.5795,3.795,7.31373976703964,189.04,25.758388555,109.4015,109.407,woody,2,0.415611814
121,Miconia_punctata,Miconia,punctata,Selva Tica Sendero Tigre,500,forest,0.39716666665,8.1875,3.277,4.3216666667,3.46360694467298,78.99,40.18801455,250.7765,251.732,woody,3,0.336583298
122,Miconia_multispicata,Miconia,multispicata,Selva Tica Sendero Tigre,500,forest,0.1543333333,1.818,0.618,1.36,2.80497696740899,174.555,34.176322705,107.346,109.1035,woody,2,0.248259861
123,Miconia_commutata,Miconia,commutata,Selva Tica Sendero Tigre,500,forest,0.2813333333,6.6305,1.5405,4.9,5.54402289982953,163.385,23.708490645,246.919,248.48,woody,8,0.241630277
124,Conostegia_rufescens,Conostegia,rufescens,Selva Tica Sendero Tigre,500,forest,0.3605,1.298,0.384,2.6466666667,2.33692140206299,147.785,29.55165337,56.6135,56.7725,woody,3,0.281531532
125,Conostegia_setosa,Conostegia,setosa,Selva Tica Sendero Tigre,500,forest,0.25416666665,6.4765,1.391,3.40333333335,4.26222155824988,180.885,21.35485722,249.4315,250.7405,woody,1.5,0.326690821
126,Blakea_anomala,Blakea,anomala,Selva Tica Sendero Tigre,500,forest,0.18466666665,0.4565,0.167,2.5366666667,4.37245168611751,146.735,36.618267295,24.5705,24.6305,epiphyte,2,0.478021978
127,Ossaea_laxivenula,Ossaea,laxivenula,Selva Tica Sendero Tigre,500,forest,0.2981666667,1.3145,0.386,4.0983333333,4.37520408067116,144.515,29.44303132,55.6345,55.6695,woody,2,0.464
128,Clidemia_epiphytica,Clidemia,epiphytica,Selva Tica Sendero Tigre,500,forest,0.3886666667,2.587,0.505,0.9033333333,0.739811141897308,218.78,19.52068032,110.482,110.659,epiphyte,1,0.307017544
129,Ossaea_brenesii,Ossaea,brenesii,Selva Tica Sendero Tigre,500,forest,0.31466666665,6.76,1.5445,1.4166666667,1.43306887328877,205.25,22.939260925,316.504,322.698,woody,1.8,0.347001395
130,Ossaea_brenesii,Ossaea,brenesii,Selva Tica Sendero Tigre,500,forest,0.35083333335,3.524,0.892,1.47833333335,1.34128678876386,224.095,25.28632093,199.452,203.122,woody,2,0.403837369
131,Clidemia_aurantiaca,Clidemia,aurantiaca,Selva Tica Sendero Tigre,500,forest,0.22616666665,1.221,0.2875,1.42833333335,2.01025477142811,264.54,23.550901415,76.112,78.7125,woody,1.8,0.270454545
132,Blakea_scarlatina,Blakea,scarlatina,Selva Tica Sendero Tigre,500,forest,0.26,2.6085,0.8215,3.6116666667,4.4216507908118,127.485,31.439931225,104.226,105.064,epiphyte,2,0.374130737
133,Miconia_commutata,Miconia,commutata,Selva Tica Sendero Tigre,500,forest,0.2821666667,6.838,1.8115,4.95666666665,5.59157472767619,135.25,26.49863126,244.4535,244.4775,woody,4,0.235091743
134,Conostegia_rufescens,Conostegia,rufescens,Selva Tica Sendero Tigre,500,forest,0.3918333333,1.456,0.488,3.26833333335,2.65506459745937,122.285,33.52406184,59.6695,59.8475,woody,3.5,0.305439331
135,Conostegia_lasiopoda,Conostegia,lasiopoda,Selva Tica Sendero Tigre,500,forest,0.359,2.652,0.745,3.4166666667,3.02941163734047,171.91,28.297686135,126.1045,126.961,woody,4,0.311688312
136,Blakea_scarlatina,Blakea,scarlatina,Selva Tica Sendero Tigre,500,forest,0.29483333335,2.375,0.7565,4.0583333333,4.38148430077642,111.46,31.829686215,84.14,84.781,epiphyte,4,0.471683476
137,Miconia_oraria,Miconia,oraria,Selva Tica Sendero Tigre,500,forest,0.21233333335,8.9695,2.2365,3.355,5.02949608192838,164.345,25.3088915,360.981,361.3825,woody,3,0.287584292
138,Clidemia_hammelii,Clidemia,hammelii,Selva Tica Sendero Tigre,500,forest,0.3183333333,5.6745,1.4105,1.9233333333,1.92319166852457,171.725,24.867887075,236.4185,238.224,woody,2.3,0.412476723
139,Conostegia_lasiopoda,Conostegia,lasiopoda,Selva Tica Sendero Tigre,500,forest,0.27666666665,2.802,0.7715,3.3966666667,3.90792498848199,160.65,27.559643865,123.932,124.8585,woody,4,0.361861862
140,Conostegia_rufescens,Conostegia,rufescens,Selva Tica Sendero Tigre,500,forest,0.3433333333,5.437,1.6385,2.855,2.64691667517365,127.62,30.13923495,209.1535,212.0925,woody,4,0.317567568
141,Miconia_commutata,Miconia,commutata,Selva Tica Sendero Tigre,500,forest,0.2861666667,8.892,2.033,5.15666666665,5.73588111668461,139.045,22.906216155,282.7205,286.5925,woody,4,0.291571174
142,Miconia_arboricola,Miconia,arboricola,Selva Tica Sendero Tigre,500,forest,0.20366666665,1.931,0.5525,5.51166666665,8.61416361450699,257.87,28.579013845,142.2295,142.2325,epiphyte,2,0.370535714
143,Blakea_henripittieri,Blakea,henripittieri,Selva Tica Sendero Tigre,500,forest,0.2343333333,0.543,0.1335,3.18,4.31959646461639,212.24,23.98171562,25.7105,25.723,epiphyte,1.5,0.397984887
144,Blakea_henripittieri,Blakea,henripittieri,Selva Tica Sendero Tigre,500,forest,0.25316666665,1.183,0.299,4.12166666665,5.18222744293057,166.835,25.275606595,49.889,50.21,epiphyte,1.5,0.42228739
145,Clidemia_aurantiaca,Clidemia,aurantiaca,Selva Tica Sendero Tigre,500,forest,0.2615,0.884,0.2345,1.49833333335,1.82384058433659,201.555,26.53050778,47.2385,48.2155,woody,3.5,0.351955307
146,Miconia_dorsiloba,Miconia,dorsiloba,Selva Tica Sendero Tigre,500,forest,0.25316666665,1.5015,0.3945,1.285,1.6156479411709,265.945,26.36605955,104.3135,104.8405,woody,4,0.2992
147,Miconia_dorsiloba,Miconia,dorsiloba,Selva Tica Sendero Tigre,500,forest,0.27566666665,1.8865,0.5145,1.56166666665,1.80324282568961,237.285,27.230266595,121.44,121.666,woody,5,0.401453224
148,Clidemia_epiphytica,Clidemia,epiphytica,Selva Tica Sendero Tigre,500,forest,0.2766666667,2.714,0.684,0.98,1.12750730755132,244.08,25.20265291,166.954,167.39,epiphyte,1.5,0.22972973
149,Ossaea_laxivenula,Ossaea,laxivenula,Selva Tica Sendero Tigre,500,forest,0.24133333335,1.7915,0.555,4.175,5.5066730996915,142.76,30.991539875,79.242,79.242,woody,2,0.372693727
150,Miconia_ligulata,Miconia,ligulata,Selva Tica Sendero Tigre,500,forest,0.3305,2.593,0.596,1.795,1.72879348169411,191.13,22.98590303,109.6465,109.913,woody,2,0.373401535
151,Adelobotrys_adscendens,Adelobotrys,adscendens,Selva Tica Sendero Tigre,500,forest,0.249,1.7115,0.3005,4.425,5.65671183278423,231.79,17.557785365,69.6515,69.6555,epiphyte,2,0.215102975
152,Adelobotrys_adscendens,Adelobotrys,adscendens,Selva Tica Sendero Tigre,500,forest,0.28833333335,2.222,0.3805,4.375,4.82984653863672,211.51,17.12061965,80.398,80.442,epiphyte,2,0.171428571
153,Miconia_arboricola,Miconia,arboricola,Selva Tica Sendero Tigre,500,forest,0.185,1.2005,0.314,5.4583333333,9.39157547068061,311.51,26.152376135,97.8515,97.8595,epiphyte,1.5,0.372807018
154,Aciotis_rubricaulis,Aciotis,rubricaulis,road to Selva Tica (pastures),500,road,0.32583333335,0.637,0.0805,1.97666666665,1.93102570328124,345.21,12.65564567,27.76,27.763,herb,0.3,0.125
155,Aciotis_rubricaulis,Aciotis,rubricaulis,road to Selva Tica (pastures),500,road,0.284,0.4275,0.0555,1.54666666665,1.73351862896347,351.9,13.013374195,19.6345,19.639,herb,0.2,0.139393939
156,Nepsera_aquatica,Nepsera,aquatica,road to Selva Tica (pastures),500,road,0.27283333335,0.1085,0.0185,1.44333333335,1.68391179854311,396.455,17.04757859,7.329,7.329,herb,0.2,0.261306533
157,Nepsera_aquatica,Nepsera,aquatica,road to Selva Tica (pastures),500,road,0.2528333333,0.1195,0.0185,1.34166666665,1.68911969946309,413.365,15.478358315,7.6455,7.6465,herb,0.3,0.266666667
158,Clidemia_dentata,Clidemia,dentata,road to Selva Tica (pastures),500,road,0.2375,0.512,0.2015,1.1683333333,1.56586126462085,185.75,39.356572555,37.4315,37.4315,herb,0.3,0.369958275
159,Conostegia_xalapensis,Conostegia,xalapensis,road to Selva Tica (pastures),500,road,0.3281666667,0.7205,0.2665,2.68166666665,2.60112040027686,117.58,36.9867691,31.3655,31.799,woody,3,0.4
160,Conostegia_xalapensis,Conostegia,xalapensis,road to Selva Tica (pastures),500,road,0.27266666665,0.278,0.097,2.56833333335,2.99826121419552,157.65,34.892291375,15.242,15.3435,woody,6,0.43620178
161,Miconia_lacera,Miconia,lacera,road to Selva Tica (pastures),500,road,0.2723333333,1.053,0.2815,2.84666666665,3.32725389024037,205.31,26.513492015,55.872,56.004,herb,2,0.249056604
162,Clidemia_capitellata,Clidemia,capitellata,road to Selva Tica (pastures),500,road,0.5271666667,1.1315,0.341,2.9766666667,1.79734889881337,101.755,30.9610523,34.633,34.635,herb,0.4,0.345498783
163,Clidemia_sericea,Clidemia,sericea,road to Selva Tica (pastures),500,road,0.262,0.54,0.1545,1.16666666665,1.4174104346404,206.02,28.48224656,31.622,31.631,herb,0.4,0.255395683
164,Clidemia_sericea,Clidemia,sericea,road to Selva Tica (pastures),500,road,0.408,0.938,0.3175,1.415,1.10394237487761,126.92,33.582427535,39.332,39.3505,herb,0.4,0.349428208
165,Miconia_lacera,Miconia,lacera,road to Selva Tica (pastures),500,road,0.2875,0.593,0.204,2.705,2.9948808421814,121.295,34.429097735,24.7395,24.7395,herb,0.4,0.296954315
166,Clidemia_japurensis,Clidemia,japurensis,road to Selva Tica (pastures),500,road,0.2066666667,0.284,0.096,0.9583333333,1.47603374612736,232.895,33.8833442,22.375,22.3785,woody,0.5,0.392241379
167,Clidemia_japurensis,Clidemia,japurensis,road to Selva Tica (pastures),500,road,0.20083333335,0.3305,0.1045,0.87833333335,1.39211045649892,287.88,31.660501665,30.1505,30.1525,woody,0.5,0.447257384
168,Clidemia_hirta,Clidemia,hirta,road to Selva Tica (pastures),500,road,0.22216666665,0.54,0.205,1.4433333333,2.06793969579502,177.95,37.88498969,35.6505,35.6505,herb,0.4,0.375
169,Arthrostemma_ciliatum,Arthrostemma,ciliatum,road to Selva Tica (pastures),500,road,0.24483333335,0.2665,0.0305,1.2466666667,1.62080187103903,432.675,11.46700185,13.1135,13.1135,herb,0.4,0.055555556
170,Arthrostemma_ciliatum,Arthrostemma,ciliatum,road to Selva Tica (pastures),500,road,0.24466666665,0.235,0.0255,1.225,1.59371775450288,466.595,10.844001895,11.844,11.8455,herb,0.4,0.090517241
171,Clidemia_hirta,Clidemia,hirta,road to Selva Tica (pastures),500,road,0.2253333333,0.794,0.2725,1.69333333335,2.3920328728828,147.865,35.33544191,39.009,39.0135,herb,0.4,0.352678571
172,Miconia_minutiflora,Miconia,minutiflora,road to Selva Tica (pastures),500,road,0.205,0.531,0.232,2.09833333335,3.25814753421606,115.905,43.6821861,26.8875,27.009,woody,4,0.427745665
173,Miconia_minutiflora,Miconia,minutiflora,road to Selva Tica (pastures),500,road,0.20633333335,0.5335,0.2205,2.2633333333,3.49163833114948,120.575,41.340402965,26.605,26.6295,woody,4,0.459283388
174,Miconia_biperulifera,Miconia,biperulifera,Volcan Barva,2500,forest,0.27216666665,0.4515,0.1105,5.60166666665,6.55137493892254,147.455,24.44379391,16.256,16.268,woody,4,0.364253394
175,Miconia_tonduzii_hirtella,Miconia,tonduzii_var_hirtella,Volcan Barva,2500,forest,0.4023333333,1.004,0.218,2.72,2.15195416029406,187.69,21.56574954,40.422,40.441,woody,4,0.281304197
176,Miconia_tonduzii_hirtella,Miconia,tonduzii_var_hirtella,Volcan Barva,2500,forest,0.30433333335,1.031,0.2225,2.43,2.54159810531517,212.725,21.58616493,47.359,47.5795,woody,3,0.282352941
177,Miconia_biperulifera,Miconia,biperulifera,Volcan Barva,2500,forest,0.30366666665,0.2505,0.064,5.05833333335,5.30225304403957,161.875,25.876636385,10.4095,10.4095,woody,5,0.362223757
178,Miconia_tonduzii_hirtella,Miconia,tonduzii_var_hirtella,Volcan Barva,2500,forest,0.3025,1.355,0.298,2.3733333333,2.49737343206254,206.07,21.943093715,61.403,61.4175,woody,3,0.300327869
179,Blakea_penduliflora,Blakea,penduliflora,Volcan Barva,2500,forest,0.40683333335,8.716,1.967,6.13833333335,4.80268459963153,96.075,22.567123565,188.9715,189.6025,epiphyte,4,0.302088062
180,Miconia_tonduzii,Miconia,tonduzii_var_tonduzii,Volcan Barva,2500,forest,0.325,0.799,0.185,3.5516666667,3.47855573058474,173.085,23.09012763,32.086,32.086,woody,5,0.348931254
181,Miconia_tonduzii,Miconia,tonduzii_var_tonduzii,Volcan Barva,2500,forest,0.25733333335,1.761,0.4,2.5883333333,3.20165319433319,186.76,22.709522145,74.4745,74.9015,woody,4,0.236371566
182,Miconia_tonduzii,Miconia,tonduzii_var_tonduzii,Volcan Barva,2500,forest,0.33716666665,1.4665,0.3495,3.4283333333,3.23659632182925,170.825,23.63614559,58.6715,58.774,woody,4,0.303051318
183,Miconia_costaricensis,Miconia,costaricensis,Volcan Barva,2500,forest,0.3105,1.282,0.3155,2.61333333335,2.67906549403847,209.835,24.61896423,65.511,65.511,woody,4,0.417522532
184,Monochaetum_vulcanicum,Monochaetum,vulcanicum,Volcan Barva,2500,forest,0.371,0.046,0.0085,3.425,2.9385750948234,190.345,18.46590909,1.617,1.617,herb,1.5,0.371987952
185,Monochaetum_vulcanicum,Monochaetum,vulcanicum,Volcan Barva,2500,forest,0.3265,0.047,0.0105,3.305,3.22209547882826,163.02,22.074592075,1.693,1.694,herb,2,0.400833333
186,Monochaetum_vulcanicum,Monochaetum,vulcanicum,Volcan Barva,2500,forest,0.3135,0.067,0.013,2.97,3.01556734279381,187.34,19.375696765,2.4265,2.4265,herb,2,0.405109489
187,Blakea_penduliflora,Blakea,penduliflora,Volcan Barva,2500,forest,0.38216666665,4.1575,1.083,4.99,4.15621369069268,88.285,26.05178634,94.0715,94.27,epiphyte,2,0.284827586
188,Miconia_costaricensis,Miconia,costaricensis,Volcan Barva,2500,forest,0.38983333335,0.939,0.231,2.6016666667,2.12433404154776,169.135,24.57502452,39.1525,39.157,woody,2,0.347020934
189,Miconia_costaricensis,Miconia,costaricensis,Volcan Barva,2500,forest,0.3773333333,1.274,0.2925,2.575,2.1722119001652,197.065,23.00540055,57.65,58.062,woody,2,0.373186985
190,Tibouchina_longifolia,Tibouchina,longifolia,Virgen del Socorro roadside,800,road,0.193,0.2045,0.0625,1.9616666667,3.23532587257934,253.97,30.68446062,15.699,15.699,herb,0.75,0.35139485
191,Aciotis_rubricaulis,Aciotis,rubricaulis,Virgen del Socorro roadside,800,road,0.253,0.686,0.084,1.7266666667,2.17239158163882,385.015,12.25191692,32.349,32.35,herb,0.5,0.171021378
192,Centradenia_inaequilateralis,Centradenia,inaequilateralis,Virgen del Socorro roadside,800,road,0.2865,0.034,0.0055,0.73,0.811051367937756,477.915,16.312997345,2.671,2.671,herb,0.25,0.249329759
193,Centradenia_inaequilateralis,Centradenia,inaequilateralis,Virgen del Socorro roadside,800,road,0.2695,0.0375,0.0055,0.81,0.956701327676699,430.865,14.642857145,2.3505,2.351,herb,0.4,0.285198556
194,Aciotis_rubricaulis,Aciotis,rubricaulis,Virgen del Socorro roadside,800,road,0.22833333335,0.8695,0.1035,1.4983333333,2.08876341351806,410.72,11.909353715,42.6235,42.6715,herb,1,0.169756098
195,Tibouchina_longifolia,Tibouchina,longifolia,Virgen del Socorro roadside,800,road,0.1703333333,0.1925,0.0545,1.5,2.80312032897724,291.84,28.82653061,15.8005,15.8005,herb,1,0.288915094
196,Blakea_foliacea,Blakea,foliacea,Virgen del Socorro roadside,800,road,0.2583333333,1.174,0.383,2.88,3.54864182836492,102.625,32.75589237,39.324,39.324,epiphyte,6,0.489583333
197,Graffenrieda_galeottii,Graffenrieda,galeottii,Virgen del Socorro roadside,800,road,0.2011666667,9.3,2.15,2.73833333335,4.3329175055219,171.68,23.28483632,367.207,367.9535,woody,3,0.22454955
198,Miconia_calvescens,Miconia,calvescens,Virgen del Socorro roadside,800,road,0.1821666667,16.9,4.5,2.66166666665,4.65087729313187,166.96,26.61609146,744.5245,752.9385,herb,2,0.230740922
199,Miconia_calvescens,Miconia,calvescens,Virgen del Socorro roadside,800,road,0.211,35.1,9,2.54,3.8317872554826,137.24,25.64102564,1235.157,1241.436,herb,1.5,0.242665605
200,Miconia_astroplocama,Miconia,astroplocama,Virgen del Socorro roadside,800,road,0.30116666665,5.9525,1.521,2.74,2.89596819543504,157.95,26.0137894,240.6225,241.805,herb,2,0.291762014
201,Graffenrieda_galeottii,Graffenrieda,galeottii,Virgen del Socorro roadside,800,road,0.22916666665,7.2435,1.3,2.8666666667,3.9817673038713,215.525,17.937678845,279.2515,280.0735,woody,1.5,0.18425656
202,Clidemia_biolleyana,Clidemia,biolleyana,Virgen del Socorro roadside,800,road,0.1661666667,3.0955,0.8145,1.80333333335,3.45447639704067,237.86,26.263656925,192.1155,192.1155,herb,1,0.436639118
203,Clidemia_biolleyana,Clidemia,biolleyana,Virgen del Socorro roadside,800,road,0.22166666665,1.742,0.3865,1.76166666665,2.52972593773219,283.105,22.552402515,112.182,115.534,herb,1,0.434538153
204,Clidemia_reitziana,Clidemia,reitziana,Virgen del Socorro roadside,800,road,0.2305,1.604,0.447,1.54666666665,2.13587544739967,257.245,27.88770645,115.0795,115.1585,herb,1.5,0.553727009
205,Conostegia_tenuifolia,Conostegia,tenuifolia,Virgen del Socorro roadside,800,road,0.1995,1.459,0.3895,2.9266666667,4.66960868959985,191.67,26.7881773,74.478,74.4835,woody,3,0.375781694
206,Leandra_grandifolia,Leandra,grandifolia,Virgen del Socorro roadside,800,road,0.3045,2.6145,0.5275,1.2966666667,1.35547395433692,274.96,20.17756975,144.9335,144.95,woody,1.5,0.391495601
207,Clidemia_setosa,Clidemia,setosa,Virgen del Socorro roadside,800,road,0.2485,1.795,0.491,1.9033333333,2.4380274313583,186.39,27.798351585,91.327,91.442,herb,0.5,0.501156515
208,Conostegia_tenuifolia,Conostegia,tenuifolia,Virgen del Socorro roadside,800,road,0.27466666665,1.885,0.619,3.37166666665,3.90740837248604,133.33,32.540223515,79.31,79.35,woody,2,0.376539904
209,Arthrostemma_ciliatum,Arthrostemma,ciliatum,Virgen del Socorro roadside,800,road,0.2786666667,0.4875,0.0665,1.6333333333,1.86569191636624,315.02,13.640726425,20.9485,20.949,herb,1,0.107688849
210,Arthrostemma_ciliatum,Arthrostemma,ciliatum,Virgen del Socorro roadside,800,road,0.2343333333,0.3775,0.042,1.6033333333,2.17790974783783,490.375,11.056060815,20.197,20.2085,herb,1,0.078418665
211,Tococa_platyphylla,Tococa,platyphylla,Virgen del Socorro forest,800,forest,0.2975,9.15,1.35,2.7666666667,2.96019277911181,270.375,14.709051725,362.3745,362.6165,woody,4,0.06566474
212,Clidemia_costaricensis,Clidemia,costaricensis,Virgen del Socorro forest,800,forest,0.2441666667,0.792,0.233,2.7233333333,3.55029593137844,250.26,29.45098945,57.943,57.944,woody,1.5,0.494769874
213,Blakea_watsonii,Blakea,cf_watsonii,Virgen del Socorro forest,800,forest,0.22883333335,2.1945,0.6655,4.89333333335,6.80668481988875,119.435,30.29902564,79.017,79.3975,epiphyte,1,0.345496894
214,Clidemia_aurantiaca,Clidemia,aurantiaca,Virgen del Socorro forest,800,forest,0.2423333333,0.807,0.203,1.33833333335,1.7579287389541,280.47,25.171246995,57.05,58.0285,woody,2,0.379230769
215,Blakea_anomala,Blakea,anomala,Virgen del Socorro forest,800,forest,0.20266666665,0.9015,0.2335,2.4933333333,3.91604925792554,208.58,25.892234375,48.5365,48.5375,epiphyte,1.9,0.43236715
216,Clidemia_costaricensis,Clidemia,costaricensis,Virgen del Socorro forest,800,forest,0.2436666667,0.611,0.172,2.78166666665,3.63378385748897,286.225,28.008772295,48.2375,48.305,woody,2.1,0.457110609
217,Conostegia_setifera,Conostegia,setifera,Virgen del Socorro forest,800,forest,0.21416666665,3.067,0.807,1.99333333335,2.96263520551458,193.515,26.294694615,153.0955,153.983,woody,4,0.334058168
218,Conostegia_micrantha,Conostegia,micrantha,Virgen del Socorro forest,800,forest,0.293,1.819,0.4465,2.075,2.25424236802514,224.685,23.634231145,93.2175,93.2385,woody,5,0.340659341
219,Blakea_calycosa,Blakea,calycosa,Virgen del Socorro forest,800,forest,0.3106666667,1.7615,0.442,3.04833333335,3.12333037430724,165.165,24.695844385,70.062,70.062,epiphyte,2,0.38811421
220,Clidemia_aurantiaca,Clidemia,aurantiaca,Virgen del Socorro forest,800,forest,0.24033333335,1.18,0.27,1.3083333333,1.73282427621762,273.125,22.87199466,73.602,74.0315,woody,2,0.377237852
221,Conostegia_setifera,Conostegia,setifera,Virgen del Socorro forest,800,forest,0.22733333335,2.1725,0.598,2.6866666667,3.76184410921568,165.25,27.631763895,100.4865,100.732,woody,6,0.331359649
222,Graffenrieda_galeottii,Graffenrieda,galeottii,Virgen del Socorro forest,800,forest,0.19116666665,5.715,1.1,2.76333333335,4.60120131945876,258.315,18.97517703,271.8445,272.675,woody,6,0.195652174
223,Adelobotrys_adscendens,Adelobotrys,adscendens,Virgen del Socorro forest,800,forest,0.2478333333,1.219,0.1565,2.53166666665,3.25159863601229,322.36,12.753400425,49.534,49.6555,epiphyte,1,0.185255198
224,Conostegia_micrantha,Conostegia,micrantha,Virgen del Socorro forest,800,forest,0.269,2.933,0.7045,2.01166666665,2.38042151561742,221.295,24.106117575,156.129,156.2145,woody,8,0.331156716
225,Clidemia_setosa,Clidemia,setosa,Virgen del Socorro forest,800,forest,0.307,1.3195,0.345,2.45166666665,2.54198611603243,192.04,26.33707861,65.8975,66.173,herb,0.5,0.357615894
226,Blakea_calycosa,Blakea,calycosa,Virgen del Socorro forest,800,forest,0.314,6.741,1.593,4.8166666667,4.8827790396896,117.4,23.63150868,187.021,188.262,epiphyte,1,0.340939597
227,Blakea_calycosa,Blakea,calycosa,Virgen del Socorro forest,800,forest,0.2808333333,2.5155,0.6595,3.5483333333,4.02185013507039,151.845,26.0870492,99.4155,99.7935,epiphyte,2,0.355441383
228,Adelobotrys_adscendens,Adelobotrys,adscendens,Virgen del Socorro forest,800,forest,0.2975,5.8385,0.902,5.085,5.44069166804899,199.69,15.454575865,180.0355,180.165,epiphyte,4,0.224365005
229,Clidemia_dentata,Clidemia,dentata,Virgen del Socorro forest,800,forest,0.19566666665,0.564,0.1745,1.02833333335,1.67288926571815,264.94,30.92184747,46.201,46.2045,herb,2,0.427811045
230,Miconia_calvescens,Miconia,calvescens,Virgen del Socorro forest,800,forest,0.25666666665,36.65,12.3,3.4733333333,4.30751820028395,89.945,33.48402652,1061.8135,1061.9085,herb,2.5,0.301003861
231,Miconia_theizans,Miconia,theizans,Virgen del Socorro roadside,800,road,0.27583333335,1.931,0.604,2.305,2.65995512124219,155.06,30.69869032,89.9975,90.663,woody,2,0.319831668
232,Miconia_theizans,Miconia,theizans,Virgen del Socorro roadside,800,road,0.2773333333,3.042,0.982,2.53,2.90381254378047,134.325,32.290882895,131.957,132.355,woody,2.5,0.326679973
233,Pilocosta_nana,Pilocosta,nana,Refugio 2000 road,2000,road,0.23575,0.0315,0.008,2.29,3.0919602942137,221.135,25.357142855,1.7675,1.7675,herb,0.2,0.222222222
234,Miconia_dolichopoda,Miconia,dolichopoda,Refugio 2000,2000,forest,0.1835,2.349,0.8725,1.15766666665,2.00815664795711,160.085,37.01503895,139.611,139.991,woody,10,0.429730607
235,Miconia_tonduzii_serrulata,Miconia,tonduzii_var_serrulata,Refugio 2000,2000,forest,0.2081666667,0.491,0.122,3.31666666665,5.0715506277112,201.71,24.82344765,24.5465,24.549,woody,3.5,0.444444444
236,Miconia_tonduzii_serrulata,Miconia,tonduzii_var_serrulata,Refugio 2000,2000,forest,0.2033333333,0.599,0.151,3.785,5.92526025935979,192.54,25.22735739,29.104,29.1105,woody,4,0.428658537
237,Miconia_tonduzii_red,Miconia,tonduzii_var_red,Refugio 2000,2000,forest,0.21933333335,0.383,0.12,5.06,7.34338004848446,129.285,31.34276438,15.517,15.5385,woody,5.8,0.414056532
238,Miconia_amplinodis,Miconia,amplinodis,Refugio 2000,2000,forest,0.271,1.787,0.347,3.49666666665,4.10709803942441,199.955,19.43673856,69.3355,69.341,woody,2.2,0.319480519
239,Miconia_tonduzii_red,Miconia,tonduzii_var_red,Refugio 2000,2000,forest,0.202,0.5855,0.19,4.43,6.98075641482274,125.2,32.496051675,23.739,23.744,woody,9,0.424544666
240,Miconia_amplinodis,Miconia,amplinodis,Refugio 2000,2000,forest,0.33716666665,0.939,0.247,4.6883333333,4.42612807648491,130.365,26.35216944,32.196,32.196,woody,2.5,0.295046032
241,Miconia_tonduzii_red,Miconia,tonduzii_var_red,Refugio 2000,2000,forest,0.20783333335,0.561,0.182,4.685,7.17537361660691,135.095,32.68916483,24.6475,24.6975,woody,3.5,0.46163142
242,Miconia_tonduzii_serrulata,Miconia,tonduzii_var_serrulata,Refugio 2000,2000,forest,0.22433333335,0.5465,0.123,3.5066666667,4.97566122204536,210.12,22.520192075,25.783,25.827,woody,5.2,0.425142857
243,Miconia_dolichopoda,Miconia,dolichopoda,Refugio 2000,2000,forest,0.1915,4.893,1.718,1.87166666665,3.11107051506713,172.47,35.09016166,296.3785,297.2065,woody,3.2,0.419707317
244,Miconia_amplinodis,Miconia,amplinodis,Refugio 2000,2000,forest,0.2908333333,1.0675,0.2285,3.4416666667,3.76681899742825,188.705,21.445709765,42.966,42.9725,woody,2,0.262425447
245,Pilocosta_nana,Pilocosta,nana,Refugio 2000,2000,forest,0.21033333335,0.0405,0.0065,1.995,3.01915161435662,478.715,15.83850932,3.0575,3.0575,herb,0.25,0.176470588
246,Miconia_stipules,Miconia,sp_stipule,Refugio 2000,2000,forest,0.19816666665,1.766,0.675,2.17333333335,3.49096796990543,120.2,38.7226687,80.986,81.36,woody,6.1,0.34970344
247,Blakea_austin-smithii,Blakea,austin-smithii,Refugio 2000,2000,forest,0.28283333335,3.2455,0.917,5.38333333335,6.05857944794485,114.46,28.2632648,104.971,104.9835,epiphyte,1.5,0.356345178
248,Blakea_austin-smithii,Blakea,austin-smithii,Refugio 2000,2000,forest,0.27466666665,3.7215,1.123,5.8983333333,6.83555028681083,101.81,30.1004275,113.754,113.9935,epiphyte,0.5,0.41382277
249,Meriania_phlomoides,Meriania,phlomoides,Refugio 2000,2000,forest,0.35616666665,12.1,1.9275,3.045,2.72134844213851,189.18,15.928005465,364.68,369.5765,woody,2.3,0.223988246
250,Meriania_phlomoides,Meriania,phlomoides,Refugio 2000,2000,forest,0.36,11.1125,1.713,3.31166666665,2.92815622150004,197.395,15.414369055,337.1515,339.4605,woody,4,0.270794824
251,Meriania_phlomoides,Meriania,phlomoides,Refugio 2000,2000,forest,0.39283333335,6.203,1,3.3433333333,2.70907777535523,212.955,16.108859025,212.2305,214.7105,woody,3.8,0.22705269
252,Conostegia_pittieri,Conostegia,pittieri,Refugio 2000,2000,forest,0.237,0.9725,0.281,5.37666666665,7.22129179202339,138.605,28.907216755,38.952,38.952,woody,8,0.478679337
253,Conostegia_pittieri,Conostegia,pittieri,Refugio 2000,2000,forest,0.21816666665,0.894,0.22,4.8433333333,7.06652810782578,196.245,24.562868665,43.085,43.0985,woody,10,0.408396947
254,Conostegia_pittieri,Conostegia,pittieri,Refugio 2000,2000,forest,0.2085,0.5315,0.1315,4.31333333335,6.58501986768052,193.195,24.59486512,25.0295,25.031,woody,18,0.377303939
255,Miconia_coriacea,Miconia,coriacea,Refugio 2000,2000,forest,0.29666666665,5.4855,1.533,5.295,5.68129499136357,122.075,27.949045275,187.141,187.1505,woody,6,0.314873418
256,Miconia_coriacea,Miconia,coriacea,Refugio 2000,2000,forest,0.311,6.2175,1.571,4.58666666665,4.69447377692716,138.715,25.26694088,217.6925,217.7975,woody,5,0.341918528
257,Monochaetum_vulcanicum,Monochaetum,vulcanicum,Refugio 2000,2000,forest,0.26283333335,0.1125,0.0165,3.105,3.76037614408876,305.22,14.670014345,5.0285,5.0285,herb,0.3,0.381370826
258,Monochaetum_vulcanicum,Monochaetum,vulcanicum,Refugio 2000,2000,forest,0.24533333335,0.0865,0.0095,2.57,3.33446905205204,431.78,10.979684575,4.0945,4.0945,herb,1.25,0.382892057
259,Monochaetum_vulcanicum,Monochaetum,vulcanicum,Refugio 2000,2000,forest,0.22866666665,0.0995,0.0135,2.69,3.74454924444667,392.305,13.6628523,5.335,5.335,herb,1,0.338090011
260,Conostegia_macrantha,Conostegia,macrantha,Refugio 2000,2000,forest,0.2636666667,12.8775,2.99,3.825,4.61770662894719,148.2,23.222414455,443.2895,450.0505,woody,2,0.263463439
261,Miconia_costaricensis,Miconia,costaricensis,Refugio 2000,2000,forest,0.29766666665,2.0605,0.416,2.93666666665,3.14032485713359,245.31,20.200430525,102.0895,102.0915,woody,1.5,0.192356688
262,Miconia_melanotricha,Miconia,melanotricha,Refugio 2000,2000,forest,0.2228333333,0.56,0.0955,1.6183333333,2.31173447662176,438.815,16.95862397,41.272,41.2775,herb,1.5,0.358056266
263,Miconia_dolichopoda,Miconia,dolichopoda,Refugio 2000,2000,forest,0.19433333335,2.236,0.7945,1.675,2.74358006507096,183.15,35.616661415,144.5295,144.749,woody,9,0.647857143
264,Miconia_costaricensis,Miconia,costaricensis,Refugio 2000,2000,forest,0.31383333335,2.3665,0.4545,2.515,2.55087423380686,243.6,19.20048549,110.7145,110.74,woody,1.5,0.328772056
265,Miconia_tonduzii_reticulata,Miconia,tonduzii_var_reticulata,Refugio 2000,2000,forest,0.34916666665,3.878,0.841,2.675,2.43860318543852,185.625,21.69062508,156.0895,157.172,woody,2,0.282823297
266,Conostegia_macrantha,Conostegia,macrantha,Refugio 2000,2000,forest,0.28633333335,6.1415,1.4035,3.735,4.15210974910567,149.12,22.553689255,204.845,205.7465,woody,14,0.2904928
267,Conostegia_macrantha,Conostegia,macrantha,Refugio 2000,2000,forest,0.2268333333,8.749,2.0045,2.9933333333,4.20047432522947,168.59,23.07810406,337.9735,340.125,woody,2,0.200897705
268,Miconia_tonduzii_reticulata,Miconia,tonduzii_var_reticulata,Refugio 2000,2000,forest,0.31116666665,2.3245,0.635,3.16333333335,3.23595160156603,161.935,27.24021092,102.235,102.6495,woody,2,0.364960075
269,Blakea_anomala,Blakea,anomala,Refugio 2000,2000,forest,0.25116666665,0.333,0.066,3.02166666665,3.82943479552969,213.635,20.246923015,14.3335,14.371,epiphyte,2,0.374389052
270,Pilocosta_nana,Pilocosta,nana,Refugio 2000 road,2000,road,0.24425,0.0315,0.0095,2.555,3.32971037543331,176.655,30,1.67,1.67,herb,0.25,0.243421053
271,Miconia_tonduzii,Miconia,tonduzii_var_tonduzii,Refugio 2000 road,2000,road,0.2793333333,0.857,0.23,3.99833333335,4.55623757189273,137.53,26.716510155,31.4785,31.483,woody,2,0.356525912
272,Miconia_tonduzii_red,Miconia,tonduzii_var_red,Refugio 2000 road,2000,road,0.25033333335,0.46,0.1575,5.39333333335,6.85786146221938,103.05,34.220302025,16.18,16.192,woody,2,0.406883835
273,Miconia_tonduzii_red,Miconia,tonduzii_var_red,Refugio 2000 road,2000,road,0.26033333335,0.4,0.138,5.405,6.60870013334153,100.675,34.50181618,13.889,13.8915,woody,2,0.398276687
274,Miconia_tonduzii_red,Miconia,tonduzii_var_red,Refugio 2000 road,2000,road,0.26566666665,0.411,0.146,5.575,6.67971498965858,93.9,35.520699135,13.7075,13.7075,woody,1,0.40820029
276,Monochaetum_floribundum,Monochaetum,floribundum,Refugio 2000 road,2000,road,0.3865,0.0375,0.0095,2.115,1.74185099425283,149.795,25.357142855,1.421,1.4215,herb,0.5,0.437598736
277,Monochaetum_floribundum,Monochaetum,floribundum,Refugio 2000 road,2000,road,0.3185,0.0535,0.011,1.91,1.90885991400641,185.905,20.649122805,2.045,2.045,herb,0.5,0.401601831
278,Conostegia_oerstediana,Conostegia,oerstediana,Refugio 2000 road,2000,road,0.3465,2.663,0.75,4.9466666667,4.54422194420326,113.16,28.120811945,84.5055,84.573,woody,1,0.393998064
280,Miconia_grandidentata,Miconia,grandidentata,Refugio 2000 road,2000,road,0.333,0.2085,0.0725,5.42333333335,5.18408593416035,92.715,34.736768605,6.6985,6.6995,epiphyte,1,0.6539703859
281,Clidemia_discolor,Clidemia,discolor,La Selva SOR 100,30,forest,0.13933333335,1.685,0.3305,0.7683333333,1.75527341515321,460.595,19.45949515,149.9435,149.9565,woody,0.75,0.3758851996
282,Clidemia_discolor,Clidemia,discolor,La Selva SOR 100,30,forest,0.16716666665,2.3085,0.534,0.74,1.40906868873075,337.745,23.092310725,180.1295,180.683,woody,1.5,0.2400558206
283,Clidemia_discolor,Clidemia,discolor,La Selva SOR 100,30,forest,0.1543333333,2.4005,0.5395,0.75166666665,1.5502997699429,446.995,22.30394175,226.6425,227.4645,woody,1,0.3225500882
284,Miconia_barbinervis,Miconia,barbinervis,La Selva SOR 100,30,forest,0.12783333335,1.035,0.29,0.83833333335,2.08748204345183,334.65,27.881355205,96.646,96.649,woody,2.5,0.3687546957
285,Miconia_longifolia,Miconia,longifolia,La Selva SOR 100,30,forest,0.18583333335,1.5805,0.691,2.41333333335,4.13374632426883,99.22,43.532823225,66.845,66.845,woody,5,0.490875146
286,Miconia_longifolia,Miconia,longifolia,La Selva SOR 100,30,forest,0.20833333335,2.1385,0.9335,2.37833333335,3.63382566040891,95.54,43.652904605,89.171,89.189,woody,6,0.4334965634
287,Miconia_longifolia,Miconia,longifolia,La Selva SOR 100,30,forest,0.2135,1.315,0.5845,2.27333333335,3.38934180138855,97.055,44.47726807,56.767,56.771,woody,6,0.5078074829
288,Miconia_grayumii,Miconia,grayumii,La Selva SOR 100,30,forest,0.1678333333,0.2715,0.075,0.95,1.80175407309628,299.995,27.41813967,22.292,22.299,woody,2.5,0.5673096119
289,Miconia_grayumii,Miconia,grayumii,La Selva SOR 100,30,forest,0.17616666665,0.215,0.0655,1.2516666667,2.26159625877965,261.015,30.260012295,17.0135,17.022,woody,3,0.4190063875
